username,password
Maradona10019,123qwe
Maradona10020,123qwe
Maradona10021,123qwe
Maradona10022,123qwe
Maradona10023,123qwe
Maradona10024,123qwe
Maradona10025,123qwe
Maradona10026,123qwe
Maradona10027,123qwe
Maradona10028,123qwe
Maradona10029,123qwe
Maradona10030,123qwe
Maradona10031,123qwe
Maradona10032,123qwe
Maradona10033,123qwe
Maradona10034,123qwe
Maradona10035,123qwe
Maradona10036,123qwe
Maradona10037,123qwe
Maradona10038,123qwe
Maradona10039,123qwe
Maradona10040,123qwe
Maradona10041,123qwe


